{
    "rmse": 478449.9534717822,
    "mae": 366829.0101916346,
    "r2": 0.9825753723398825
}