{
    "rmse": 451500.6565762053,
    "mae": 349601.4414275668,
    "r2": 0.9844830183821525
}